[{
  "_id": {
    "$oid": "6535b10c0ef5c0a96fed82d3"
  },
  "nome": "Odair 02 Pereira",
  "email": "odair@hotmail.c",
  "telefone": "O dia de hoje está muito bonito",
  "biografia": "1832222332"
},
{
  "_id": {
    "$oid": "6535b10c0ef5c0a96fed82d4"
  },
  "produto": "Amaciante de rroupaz",
  "preco": 2999,
  "qtdeEstoque": -9,
  "descricao": "Amacia as roupas e deixar xerosas",
  "fabcante": "Omo"
},
{
  "_id": {
    "$oid": "6535b10c0ef5c0a96fed82d5"
  },
  "formula": "2x + 3y = 23",
  "variaveis": [
    "z",
    "x"
  ],
  "resultado": 23,
  "valorX": 2,
  "valorY": 3
},
{
  "_id": {
    "$oid": "6535b10c0ef5c0a96fed82d6"
  },
  "marca": "Fiat",
  "modelo": "Un",
  "ano": 2019,
  "cor": "Vermelho",
  "pickup": true
},
{
  "_id": {
    "$oid": "6535b10c0ef5c0a96fed82d7"
  },
  "marca": "Fiat",
  "modelo": "Uninho",
  "ano": 2020,
  "cor": "Vermelho",
  "pickup": true
},
{
  "_id": {
    "$oid": "6535b10c0ef5c0a96fed82d8"
  },
  "marca": "Fiat",
  "modelo": "U",
  "ano": 2021,
  "cor": "Vermelho"
},
{
  "_id": {
    "$oid": "6535b10c0ef5c0a96fed82d9"
  },
  "marca": "Fiat",
  "modelo": "Uninho",
  "ano": 2022,
  "cor": "Vermelho"
},
{
  "_id": {
    "$oid": "6535b10c0ef5c0a96fed82da"
  },
  "marca": "Fiat",
  "modelo": "Un",
  "ano": 2023,
  "cor": "Vermelho",
  "pickup": true
},
{
  "_id": {
    "$oid": "6535b10c0ef5c0a96fed82db"
  },
  "marca": "Fiat",
  "modelo": "Uninho",
  "ano": 2024,
  "cor": "Vermelho"
},
{
  "_id": {
    "$oid": "6535b10c0ef5c0a96fed82dc"
  },
  "marca": "Fiat",
  "modelo": "U",
  "ano": 2025,
  "cor": "Vermelho",
  "pickup": true
},
{
  "_id": {
    "$oid": "6535b10c0ef5c0a96fed82dd"
  },
  "marca": "Fiat",
  "modelo": "Uninho",
  "ano": 2026,
  "cor": "Vermelho"
},
{
  "_id": {
    "$oid": "6535b10c0ef5c0a96fed82de"
  },
  "marca": "Fiat",
  "modelo": "Un",
  "ano": 2027,
  "cor": "Vermelho"
},
{
  "_id": {
    "$oid": "6535b10c0ef5c0a96fed82df"
  },
  "marca": "Fiat",
  "modelo": "Uninho",
  "ano": 2028,
  "cor": "Vermelho"
},
{
  "_id": {
    "$oid": "6535b10c0ef5c0a96fed82e0"
  },
  "marca": "Fiat",
  "modelo": "U",
  "ano": 2029,
  "cor": "Vermelho"
},
{
  "_id": {
    "$oid": "6535b10c0ef5c0a96fed82e1"
  },
  "marca": "Fiat",
  "modelo": "Uninho",
  "ano": 2030,
  "cor": "Vermelho"
},
{
  "_id": {
    "$oid": "6535b10c0ef5c0a96fed82e2"
  },
  "marca": "Fiat",
  "modelo": "Un",
  "ano": 2031,
  "cor": "Vermelho"
},
{
  "_id": {
    "$oid": "6535b10c0ef5c0a96fed82e3"
  },
  "marca": "Fiat",
  "modelo": "Uninho",
  "ano": 2032,
  "cor": "Vermelho"
},
{
  "_id": {
    "$oid": "6535b10c0ef5c0a96fed82e4"
  },
  "marca": "Fiat",
  "modelo": "U",
  "ano": 2033,
  "cor": "Vermelho"
},
{
  "_id": {
    "$oid": "6535b10c0ef5c0a96fed82e5"
  },
  "marca": "Fiat",
  "modelo": "Uninho",
  "ano": 2034,
  "cor": "Vermelho"
},
{
  "_id": {
    "$oid": "6535b10c0ef5c0a96fed82e6"
  },
  "marca": "Fiat",
  "modelo": "Un",
  "ano": 2035,
  "cor": "Vermelho"
},
{
  "_id": {
    "$oid": "6535b10c0ef5c0a96fed82e7"
  },
  "marca": "Fiat",
  "modelo": "Uninho",
  "ano": 2036,
  "cor": "Vermelho",
  "pickup": true
}]